item_id,comment_text,gold_label,robot_label,robot_reason,grade_1,grade_2,final_grade
POOL0349,Hhhhh,Positive,Humour,"The comment is a simple expression of laughter, indicating a humorous reaction.",,good,
POOL0613,Flexing their cars ??,Hate Speech,Positive,"The comment expresses admiration for the cars, indicating a positive reaction.",,bad,
POOL0563,@user rit aman,Humour,Positive,expresses agreement/support,,bad,
POOL0573,1h walking to the house ????,Humour,Hate Speech,"No hateful content, but no other category fits",,good,
POOL0407,Chta7chiw fih,Hate Speech,Hate Speech,"Negative accusation that a group is lying, which is hostile criticism",,good,
POOL0602,A Range Rover for a student????????)?,Hate Speech,Humour,"The comment uses sarcasm and disbelief (question marks) to playfully tease the idea of a student owning a Range Rover, indicating a humorous tone rather than praise or hate.",,good,
POOL0411,??? 1998 winkom blhy raw whd bch yehbl,Humour,Humour,"The comment appears to be a playful, nonsensical phrase typical of humorous or teasing remarks in Tunisian Darija, with no clear hateful or positive content.",,good,
POOL0559,@user rabi 3tehom flous chbik 7esedou,Positive,Hate Speech,"The comment mocks or insults the target by accusing them of lying, which is hostile criticism and falls under hate speech.",,good,
POOL0401,Yaatikom zeb wahed wahed el dhaw maksous 3andhom 3 mois ma khalsouch w hiya t9oli matcha,Hate Speech,Hate Speech,"The comment contains the vulgar insult ""zeb"", which is a derogatory term used to insult someone. This qualifies as hate speech.",,good,
POOL0005,"Let him be, it's the dragon of dirge ????",Humour,Humour,"The comment uses a playful exaggeration (“dragon of dirge”) and crying emojis, indicating a humorous or ironic tone rather than praise or hate.",,good,
POOL0202,@user walla ahebek??????,Positive,Positive,Expresses affection and love with emojis,,partly,
POOL0464,?Kberet f lac residence bl acenseur ?,Humour,Positive,"The comment praises the growth or improvement of the residence, indicating a positive reaction.",,bad,
POOL0154,@user handcream and sunscreen fs??????,Positive,Positive,"The comment recommends hand cream and sunscreen, expressing a supportive or appreciative stance toward the product.",,good,
POOL0353,Omgggg youu killed meeee ????????????,Positive,Humour,"The comment expresses amusement with laughing emojis, indicating a playful, humorous reaction.",,good,
POOL0561,@user hahahahhaha mesaken,Humour,Humour,"The comment consists of laughter and a casual word, indicating a playful or humorous tone rather than praise or hate.",,good,
POOL0374,Casual msb student??????????,Positive,Humour,The comment uses laughing emojis and a playful phrase that appears to be a joke rather than a genuine compliment or hateful content.,,good,
POOL0481,Azebi wen lfac hedhi,Hate Speech,Hate Speech,"The comment contains the vulgar insult ""Azebi"" which is a derogatory term, qualifying it as hate speech.",,good,
POOL0567,Pov: camera man??,Humour,Humour,"The comment is neutral and not hateful; it does not express positive praise or humor, but it is not hateful, so the closest category is Humour.",,good,
POOL0231,@user ???? ? ??? ????,Positive,Positive,Encouraging directive to focus on the first person,,good,
POOL0373,Hetou chwaya????,Humour,Humour,"Neutral comment, not hateful or positive, so default to Humour",,good,
POOL0140,@user buy me the mist please ??,Positive,Humour,"The comment is a playful request and does not contain hate speech, so it is classified as Humour.",,good,
POOL0161,@user my soulmate ??,Positive,Positive,expresses affection and admiration,,good,
POOL0390,they have to be doing jt on purpose ??,Humour,Humour,"The comment is a playful joke with a laughing emoji, not praising or hateful.",,good,
POOL0165,@user omg us,Positive,Humour,The comment is a brief exclamation with no hateful content; it appears to be a playful or casual reaction rather than praise or hate.,,good,
POOL0002,Playing Wuthering Waves in the class is a must,Humour,Positive,"Encourages playing the game, expressing support.",,good,
POOL0016,@user ???????? nahna,Positive,Humour,"The comment uses laughing emojis and a short, non?offensive word, indicating a playful or humorous tone rather than praise or hate.",,good,
POOL0593,??? ??? ??? ???? (????? ?????),Hate Speech,Positive,"The comment expresses excitement and admiration, indicating a positive reaction to the content.",,partly,
POOL0226,@user ??????,Positive,Positive,"The comment expresses affection with a heart emoji, indicating a positive reaction.",,good,
POOL0234,Personal hotspot ????,Positive,Positive,"The comment expresses affection and support with emojis, indicating a positive reaction.",,good,
POOL0045,@user and me LITERALLYY!,Positive,Humour,"Playful statement, no praise or hate.",,good,
POOL0396,Are we living in the same Tunisia?,Positive,Humour,"Neutral question, not hateful, no clear humor, but not positive",,bad,
POOL0352,The best duo??????,Humour,Positive,Expresses praise and appreciation for the duo,,good,
POOL0461,@user bara a3mel tala ghadi tw tayer masrouf nhar,Humour,Humour,"The comment appears to be a playful or nonsensical statement, likely intended as a joke.",,good,
POOL0064,Is it really love if all ur friends are kangle ghareeb log,Humour,Hate Speech,"The comment criticizes and mocks a group of friends, using insulting language, which falls under hostile or negative criticism.",,bad,
POOL0201,"My darlings???? @user & @user 
I love u guys????",Positive,Positive,Expresses affection and love toward the users.,,good,
POOL0262,@user girllll??????,Positive,Positive,"The comment expresses affection and support with emojis, indicating a positive reaction.",,good,
POOL0006,@user ???? ?????? ????????,Humour,Positive,"Neutral question, not hateful or humorous",,good,
POOL0363,HAHAHAHAHA ??????,Positive,Humour,laughing expression,,good,
POOL0157,@user ????real especially the hand cream,Humour,Humour,"Ambiguous, not hateful, no clear positivity.",,partly,
POOL0513,??? ?????,Hate Speech,Hate Speech,"The comment contains the insulting word ""?????"" (snot/boogers), which is a derogatory term used to insult someone.",,good,
